Campaign,Platform,Impressions,Clicks,Conversions,Cost,Revenue,CTR (%),Conversion Rate (%),CPC,ROI (%)
Summer_Sale,Google Ads,50000,2400,180,12000,30000,4.8,7.5,5.0,150.0
Summer_Sale,Facebook Ads,42000,1900,130,10000,22000,4.523809523809524,6.842105263157896,5.2631578947368425,120.0
Winter_Deals,Google Ads,38000,1600,120,9000,20000,4.2105263157894735,7.5,5.625,122.22222222222223
Winter_Deals,Facebook Ads,41000,1700,110,9500,18000,4.146341463414634,6.470588235294119,5.588235294117647,89.47368421052632
New_Launch,Google Ads,60000,2600,210,15000,36000,4.333333333333334,8.076923076923077,5.769230769230769,140.0
New_Launch,Facebook Ads,55000,2300,160,13000,28000,4.181818181818182,6.956521739130435,5.6521739130434785,115.38461538461537
